HORef,day,month,year
123456789,06,07,2021
123456790,06,07,2021
123456789,06,07,2021
123456789,06,07,2021
123456789,06,07,2021
123456789,06,07,2021
123456789,06,07,2021
123456789,06,07,2021
123456789,06,07,2021
123456789,06,07,2021
123456789,06,07,2021
123456789,06,07,2021
123456789,06,07,2021
123456789,06,07,2021
123456789,06,07,2021
123456789,06,07,2021
123456789,06,07,2021
123456789,06,07,2021
123456789,06,07,2021
123456789,06,07,2021
123456789,06,07,2021
123456789,06,07,2021
123456789,06,07,2021
123456789,06,07,2021
123456789,06,07,2021
123456789,06,07,2021
123456789,06,07,2021
123456789,06,07,2021
123456789,06,07,2021
123456789,06,07,2021
123456789,06,07,2021
123456789,06,07,2021
123456789,06,07,2021
123456789,06,07,2021
123456789,06,07,2021
123456789,06,07,2021
123456789,06,07,2021
123456789,06,07,2021
123456789,06,07,2021
123456789,06,07,2021
123456789,06,07,2021
123456789,06,07,2021
123456789,06,07,2021
123456789,06,07,2021
123456789,06,07,2021
123456789,06,07,2021
123456789,06,07,2021
123456789,06,07,2021
123456789,06,07,2021
123456789,06,07,2021
123456789,06,07,2021
123456789,06,07,2021
123456789,06,07,2021
123456789,06,07,2021
123456789,06,07,2021
123456789,06,07,2021
123456789,06,07,2021
123456789,06,07,2021
123456789,06,07,2021
123456789,06,07,2021
123456789,06,07,2021
123456789,06,07,2021
123456789,06,07,2021
123456789,06,07,2021
123456789,06,07,2021
123456789,06,07,2021
123456789,06,07,2021
123456789,06,07,2021
123456789,06,07,2021
123456789,06,07,2021
123456789,06,07,2021
123456789,06,07,2021
123456789,06,07,2021
123456789,06,07,2021
123456789,06,07,2021
123456789,06,07,2021
123456789,06,07,2021
123456789,06,07,2021
123456789,06,07,2021
123456789,06,07,2021
123456789,06,07,2021
123456789,06,07,2021
123456789,06,07,2021
123456789,06,07,2021
123456789,06,07,2021
123456789,06,07,2021
123456789,06,07,2021
123456789,06,07,2021
123456789,06,07,2021
123456789,06,07,2021
123456789,06,07,2021
123456789,06,07,2021
123456789,06,07,2021
123456789,06,07,2021
123456789,06,07,2021
123456789,06,07,2021
123456789,06,07,2021
123456789,06,07,2021
123456789,06,07,2021
123456789,06,07,2021
123456789,06,07,2021
123456789,06,07,2021
123456789,06,07,2021
123456789,06,07,2021
123456789,06,07,2021
123456789,06,07,2021
123456789,06,07,2021
123456789,06,07,2021
123456789,06,07,2021
123456789,06,07,2021